review,clean
5 Very nice product READ MORE,5 nice product
5 Looks amazingüëåformal look... READ MORE,5 look amazing formal look
5 So comfortable to wear READ MORE,5 comfortable wear
5 I like the watch the is like  premium and his feel like good and value for money and packing also good.......................üòä‚åöüëÄ READ MORE,5 like watch like premium feel like good value money pack also good
5 This watch is very nice in very low price. I am suggested to those people who want to find a gorgeous watch in low price. READ MORE,5 watch nice low price suggest people want find gorgeous watch low price
5 Looking very classic READ MORE,5 look classic
4 Nice product. READ MORE,4 nice product
4 Good looking READ MORE,4 good look
5 Nic product READ MORE,5 nic product
5 Worth of money üíØüíØüíØ READ MORE,5 worth money
"5 Comfortable, looking just waaaaaaoooo. READ MORE",5 comfortable look waaaaaaoooo
5 Useful product Value for money READ MORE,5 useful product value money
5 Cool and stylish READ MORE,5 cool stylish
5 Excellent READ MORE,5 excellent
5 Super quality READ MORE,5 super quality
5 It's looking too good and it's feel like a smart watch... Very beautiful collection with reasonable price .. must buy READ MORE,5 look good feel like smart watch beautiful collection reasonable price must buy
5 It'good product READ MORE,5 good product
5 Awesome product üëå I like it' READ MORE,5 awesome product like
5 Value for money and design is very good üëçüòä READ MORE,5 value money design good
5 product is very good qualit looking like a costly watch i loved it READ MORE,5 product good qualit look like costly watch love
3 This product is good READ MORE,3 product good
3 Overall the product is nice but there is a some manufacturing defect the finishing was little bit Error otherwise nice READ MORE,3 overall product nice manufacturing defect finishing little bit error otherwise nice
4 Nice and simply superb product READ MORE,4 nice simply superb product
4 It's really good and straps is so smooth READ MORE,4 really good strap smooth
5 Good qualityüëå and nice product in this price READ MORE,5 good quality nice product price
"4 Reviewing after 6 months, still works fine but color is little faded in side. Looks classy. READ MORE",4 review 6 month still work fine color little fade side look classy
5 That is very beautiful and nice look at this most beautiful and very happy READ MORE,5 beautiful nice look beautiful happy
4 Best watch fit price READ MORE,4 good watch fit price
5 Very good nice packaging READ MORE,5 good nice packaging
4 Not a good quality Money point of view is very very good READ MORE,4 good quality money point view good
5 Everything is good READ MORE,5 everything good
5 Very Good Wat.... Nice... Good Timing.... By.Ravi..... READ MORE,5 good wat nice good timing ravi
1 Not recommended  this watch READ MORE,1 recommend watch
5 Excellent Watch READ MORE,5 excellent watch
5 So good quality nd appearance I like this product very muchüòä READ MORE,5 good quality nd appearance like product much
5 Very good üòä dial READ MORE,5 good dial
"5 Watch is good and looking good but it has some dust particles under glass that's why i giving 4 star, otherwise looks good READ MORE",5 watch good look good dust particle glass give 4 star otherwise look good
2 Bad product READ MORE,2 bad product
4 Worth for money üíµ READ MORE,4 worth money
4 Beast prod READ MORE,4 beast prod
2 This product quality is not good but Velu for money READ MORE,2 product quality good velu money
4 Looking dashing... READ MORE,4 look dash
4 Strap quality is decent READ MORE,4 strap quality decent
5 Look good value for money READ MORE,5 look good value money
